,Unnamed: 0,gender,occupation,category,file_name,url,text,Summary,hindi_summary
0,0,['Female'],['None'],['None'],women_tn_2.html,https://www.tn.gov.in/scheme/data_view/6691,"Scheme | Tamil Nadu Government Portal
​
Skip to main content
  ≡ MENU 
தமிழ் வடிவம்
Announcements
GOs of Public interest
Press Release
Contact Directory
Languages
English  Version
தமிழ் வடிவம்
topmenu
Announcements
GOs of Public interest
Press Release
Contact Directory
Search 
CSC Login 
GovernmentServicesSchemesFormsDocumentsGrievancesAbout Tamil Nadu
You are hereHome >> Scheme >> 
You are hereHome >> Scheme >> 
Back Scheme
Concerned Department : Tourism,Culture and Religious Endowments DepartmentConcerned District : All DistrictsOrganisation Name : Art and CultureScheme DetailsTitle / Name : Assistance for delivery of a childAssociated Scheme : Sponsored By : StateFunding Pattern : Rs. 6000Beneficiaries : Pregnant WomenBenefits Types : GrantsEligibility criteriaIncome : --Age : --Community : --Other Details : --How To Avail : Apply to the Secretary, Tamil Nadu Folk Artistes Welfare BoardValidity of the SchemeIntroduced On : Valid Upto : --Description : To a registered  female Folk Artiste towards delivery for maximum of 2 childrenScheme Type : downloadUploaded File : TNFAWB_form_12.pdf 
footermenu
Add To Favorites
Feedback
About this Portal
SiteMap
Holidays
Contact Us
 e-District Statistics
 Last Updated :  Sep 19,2023
Add To Favorites
Feedback
About this Portal
Contents owned and updated by concerned Departments and coordinated  by Information Technology Department
Secretariat, Fort St. George, Chennai 600 009, Tamil Nadu, India
 Designed & Developed by National Informatics Centre
E-Mail: webadmin.tn@nic.in
Disclaimer | 
Privacy Policy | 
Terms of Use","### Name of Scheme
Assistance for delivery of a child

### Eligibility Criteria
The Assistance for delivery of a child scheme is an initiative by the Tamil Nadu Government. This scheme appears to target registered female Folk Artistes who are currently pregnant. For more explicit eligibility criteria and to apply for this scheme, beneficiaries are directed to contact the Secretary, Tamil Nadu Folk Artistes Welfare Board. No specific validity dates or conditions are mentioned in the text.

### Benefits of the Scheme
This government scheme offers financial assistance for the delivery of a child, specifically aiming at pregnant women, primarily, those registered as female Folk Artistes. The scheme provides financial grants of Rs. 6000 to help cover delivery costs for a maximum of 2 children.

### Steps to Avail
To avail or apply for this government scheme, interested parties are instructed to apply to the Secretary, Tamil Nadu Folk Artistes Welfare Board.

### Source
[Source](https://www.tn.gov.in/scheme/data_view/6691)","### योजना का नाम
एक बच्चे के डिलीवरी के लिए सहायता

### पात्रता मानदंड
बच्चे के डिलीवरी के लिए सहायता योजना तमिलनाडु सरकार द्वारा एक पहल है। इस योजना का उद्देश्य पंजीकृत महिला लोक कलाकारों को लक्ष्यित दिखता है, जो वर्तमान में गर्भवती हैं। इस योजना के अधिक विवादात्मक पात्रता मानदंडों और इस योजना के लिए आवेदन करने के लिए लाभार्थियों को निर्देशित किया जाता है कि वे तमिलनाडु लोक कलाकार कल्याण बोर्ड के सचिव से संपर्क करें। पाठ में कोई विशिष्ट वैधता तिथियाँ या शर्तें उल्लिखित नहीं हैं।

### योजना के लाभ
इस सरकारी योजना में एक बच्चे के डिलीवरी के लिए वित्तीय सहायता प्रदान की जाती है, खासकर गर्भवती महिलाओं का लक्ष्य रखती है, मुख्य रूप से वे महिला लोक कलाकार जो पंजीकृत हैं। इस योजना के तहत एक से अधिक 2 बच्चों के डिलीवरी लागत को कवर करने के लिए 6000 रुपये की वित्तीय सहायता प्रदान की जाती है।

### प्राप्त करने के चरण
इस सरकारी योजना का लाभ उठाने या आवेदन करने के लिए इच्छुक पक्षों को तमिलनाडु लोक कलाकार कल्याण बोर्ड के सचिव के पास आवेदन करने के लिए निर्देशित किया जाता है।

### स्रोत
[स्रोत](https://www.tn.gov.in/scheme/data_view/6691)"
1,1,['Female'],['None'],['None'],women_tn_1.html,https://www.tn.gov.in/scheme/data_view/3578,"Scheme | Tamil Nadu Government Portal
​
Skip to main content
  ≡ MENU 
தமிழ் வடிவம்
Announcements
GOs of Public interest
Press Release
Contact Directory
Languages
English  Version
தமிழ் வடிவம்
topmenu
Announcements
GOs of Public interest
Press Release
Contact Directory
Search 
CSC Login 
GovernmentServicesSchemesFormsDocumentsGrievancesAbout Tamil Nadu
You are hereHome >> Scheme >> 
You are hereHome >> Scheme >> 
Back Scheme
Concerned Department : Co-operation, Food and Consumer Protection DepartmentConcerned District : All DistrictsOrganisation Name : --Scheme DetailsTitle / Name : District central Cooperative Banks and through its branches - For Maternity Loan through  Self help groups Associated Scheme : Sponsored By : StateFunding Pattern : Purpose for which loan can be obtained : Maternity Loan through 
Self help groups
Maximum amount of loan  : Rs.2,000
Rate of interest (Subject to change): 11%Beneficiaries : Pregnant WomenBenefits Types : GrantsEligibility criteriaIncome : --Age : --Community : --Other Details : --How To Avail : General/manager/ Special OfficerValidity of the SchemeIntroduced On : Valid Upto : --Description : Purpose for which loan can be obtained : Maternity Loan through 
Self help groups
Maximum amount of loan  : Rs.2,000
Rate of interest (Subject to change): 11% 
footermenu
Add To Favorites
Feedback
About this Portal
SiteMap
Holidays
Contact Us
 e-District Statistics
 Last Updated :  Sep 19,2023
Add To Favorites
Feedback
About this Portal
Contents owned and updated by concerned Departments and coordinated  by Information Technology Department
Secretariat, Fort St. George, Chennai 600 009, Tamil Nadu, India
 Designed & Developed by National Informatics Centre
E-Mail: webadmin.tn@nic.in
Disclaimer | 
Privacy Policy | 
Terms of Use","### Name of Scheme
District central Cooperative Banks and through its branches - For Maternity Loan through Self help groups

### Eligibility Criteria
The scheme does not specify any eligibility criteria including income level, age or community type. All pregnant women are eligible though. The method to avail the scheme is not explicitly mentioned, it just indicates to contact the general manager or a special officer. The text also does not provide explicit conditions to avail the scheme nor the validity of the scheme. Therefore, additional information and clarification are required regarding the eligibility, conditions and validity of the scheme.

### Benefits of the Scheme
The government scheme provides maternity loans through Self-Help Groups. The maximum amount of the loan provided under this scheme is Rs. 2,000. The rate of interest for this loan, which is subject to change, is currently 11%. The beneficiaries of this scheme are pregnant women. The nature of the benefits provided under this scheme is Grants.

### Steps to Avail
The text does not provide specific steps on how to avail or apply for the government scheme.

### Source
https://www.tn.gov.in/scheme/data_view/3578","### योजना का नाम
जिला केंद्रीय सहकारी बैंक और उसकी शाखाओं के माध्यम से - स्वयं सहायता समूहों के माध्यम से मातृत्व ऋण

### पात्रता मानदंड
इस योजना में आय स्तर, आयु या समुदाय प्रकार सहित कोई भी पात्रता मानदंड स्पष्ट नहीं करता है। यहां तक कि सभी गर्भवती महिलाएं पात्र हैं। इस योजना का लाभ उठाने का तरीका स्पष्ट रूप से उल्लिखित नहीं है, यह केवल सामान्य प्रबंधक या विशेष अधिकारी से संपर्क करने की संकेत देता है। पाठ में योजना का लाभ उठाने के लिए स्पष्ट शर्तों या योजना की मान्यता के बारे में कोई विशिष्ट शर्तें प्रदान नहीं करता है। इसलिए, पात्रता, शर्तें और योजना की मान्यता के बारे में अतिरिक्त जानकारी और स्पष्टीकरण की आवश्यकता है।

### योजना के लाभ
सरकारी योजना स्वयं सहायता समूहों के माध्यम से मातृत्व ऋण प्रदान करती है। इस योजना के तहत प्रदान किए जाने वाले ऋण की अधिकतम राशि 2,000 रुपये है। इस ऋण के लिए ब्याज दर, जो परिवर्तन के लिए बाध्य है, वर्तमान में 11% है। इस योजना के लाभार्थी गर्भवती महिलाएं हैं। इस योजना के तहत प्रदान किए जाने वाले लाभ का प्रकृति ग्रांट्स है।

### प्राप्त करने के चरण
पाठ में सरकारी योजना का लाभ उठाने या आवेदन करने के विशिष्ट चरण प्रदान नहीं करता है।

### स्रोत
[स्रोत](https://www.tn.gov.in/scheme/data_view/3578)"
2,2,['None'],['None'],"['SC', 'ST']",sc_st_tn_2.html,https://www.tn.gov.in/scheme/data_view/83099,"Scheme | Tamil Nadu Government Portal
​
Skip to main content
  ≡ MENU 
தமிழ் வடிவம்
Announcements
GOs of Public interest
Press Release
Contact Directory
Languages
English  Version
தமிழ் வடிவம்
topmenu
Announcements
GOs of Public interest
Press Release
Contact Directory
Search 
CSC Login 
GovernmentServicesSchemesFormsDocumentsGrievancesAbout Tamil Nadu
You are hereHome >> Scheme >> 
You are hereHome >> Scheme >> 
Back Scheme
Concerned Department : Adi Dravidar and Tribal Welfare DepartmentConcerned District : All DistrictsOrganisation Name : Adi Dravidar Welfare DirectorateScheme DetailsTitle / Name : Construction of free houses for tribalsAssociated Scheme : Sponsored By : StateFunding Pattern : Beneficiaries : SC/STBenefits Types : House SiteEligibility criteriaIncome : 0Age : --Community : --Other Details : --How To Avail : Commissioner / Panchayat Union / District Adi dravidar and Tribal Welfare Officer / Commissioner of Tribal Welfare concerned.Validity of the SchemeIntroduced On : Valid Upto : --Description : Construction of free houses for Tribals who are having free house site pattas. Free houses will be constructed.  
footermenu
Add To Favorites
Feedback
About this Portal
SiteMap
Holidays
Contact Us
 e-District Statistics
 Last Updated :  Sep 19,2023
Add To Favorites
Feedback
About this Portal
Contents owned and updated by concerned Departments and coordinated  by Information Technology Department
Secretariat, Fort St. George, Chennai 600 009, Tamil Nadu, India
 Designed & Developed by National Informatics Centre
E-Mail: webadmin.tn@nic.in
Disclaimer | 
Privacy Policy | 
Terms of Use","### Name of Scheme
Construction of free houses for tribals

### Eligibility Criteria 
The scheme put forth by the Adi Dravidar and Tribal Welfare Department of the Tamil Nadu Government is intended to enable the construction of free houses for tribals. The eligibility criteria to avail of this scheme is not explicitly stated but it is suggested that the tribals should be in possession of free house site pattas. There are no age or community criteria mentioned. The conditions for the scheme imply that beneficiaries must be of the SC/ST category. The funding for the scheme is sponsored by the state.

### Benefits of the Scheme
The government scheme provides free houses for tribals. These houses are constructed for those tribals who own free house site pattas. The beneficiaries of this scheme are people from SC/ST communities.

### Steps to Avail 
To avail or apply for the scheme, the interested individuals must approach the Commissioner/Panchayat Union/District Adi Dravidar and Tribal Welfare Officer/Commissioner of Tribal Welfare who are concerned with this scheme.

### Source
[Click Here](https://www.tn.gov.in/scheme/data_view/83099)","### योजना का नाम
आदिद्रविड़र और जनजाति कल्याण विभाग के द्वारा मुफ्त आवास के निर्माण

### पात्रता मानदंड
तमिलनाडु सरकार के आदिद्रविड़र और जनजाति कल्याण विभाग द्वारा प्रस्तुत इस योजना का उद्देश्य जनजातियों के लिए मुफ्त आवास के निर्माण को संभव बनाना है। इस योजना का लाभ उठाने के पात्रता मानदंड स्पष्ट रूप से नहीं उल्लिखित हैं, लेकिन सुझाया जाता है कि जनजातियों के पास मुफ्त आवास साइट पट्टा होना चाहिए। आयु या समुदाय मानदंडों का उल्लेख नहीं है। इस योजना के लिए शर्तें सूचित करती हैं कि लाभार्थी अनुसूचित जाति / अनुसूचित जनजाति श्रेणी के होने चाहिए। इस योजना के लिए वित्तपोषण राज्य द्वारा प्रायोजित किया जाता है।

### योजना के लाभ
सरकारी योजना जनजातियों के लिए मुफ्त आवास प्रदान करती है। ये घर उन जनजातियों के लिए निर्मित किए जाते हैं जिनके पास मुफ्त आवास साइट पट्टा होता है। इस योजना के लाभार्थी अनुसूचित जाति / अनुसूचित जनजाति समुदाय से लोग हैं।

### प्राप्त करने के चरण
इस योजना का लाभ उठाने या आवेदन करने के लिए इच्छुक व्यक्तियों को इस योजना से संबंधित आदिद्रविड़र और जनजाति कल्याण अधिकारी / आयुक्त / पंचायत संघ / जिला आदिद्रविड़र और जनजाति कल्याण अधिकारी / जनजाति कल्याण आयुक्त के पास जाना होगा।

### स्रोत
[यहां क्लिक करें](https://www.tn.gov.in/scheme/data_view/83099)"
3,3,['None'],['Student'],['None'],student_gj_3.html,https://sje.gujarat.gov.in/ddcw/schemes/1486,"Post SSC Scholarship to SEBC students living in Hostels | Educational | Schemes | Director, Developing Castes Welfare
 Skip to Main ContentScreen Reader Access   A-AA+ English | ગુજરાતી HOD/Boards/Corporations  Director, Scheduled Caste Welfare Director, Developing Castes Welfare  Director, Social Defense Commissioner, Persons with Disability  Gujarat Schedule Caste Development Corporation  Gujarat Backward Classes Development Corporation  Gujarat Safai Kamdar Development Corporation  Gujarat Thakore and Koli Development Corporation Gujarat Minority Finance and Development Corporation Gujarat Gopalak Development Corporation Dr. Ambedkar Antyodaya Development CorporationGujarat State Commission for Protection of Child Rights Gujarat Unreserved Education & Economic Development Corporation Gujarat State Child Protection Society Gujarat State Commission for Unreserved Classes  Gujarat Nomedic and Denotified Tribes Development Corporation   Director, Developing Castes WelfareGovernment of Gujarat
FormFAQ Feedback Sitemap Right to InformationCentrally Sponsored SchemesHome About us IntroductionActivitiesOrganization setup
Resolutions
 SchemesEducationalEconomic UpliftmentHealth, housing construction and otherSpecial Plan
 NTDNT Schemes  Schools and Ashram Schools અનુદાનિત નિવાસી પ્રાથમિક શાળાIdeal Residential School Hostels Grant-in-Aid HostelsGovernment Hostels
Contact Search  Search Button     Home Schemes Educational Post SSC Scholarship to SEBC students living in Hostels
Post SSC Scholarship to SEBC students living in Hostels
Print this Page
Share
      Eligibility Criteria    This scheme is Centrally Sponsored The Central Govt. gives 100% grants for this scheme Annual Income Limit Rs. 1,50,000/- For S.E.B.C students studying in std. 11, 12, Graduation and Post Graduation     Criteria of Assistance       Criteria of Assistance Hosteller Rs. (PM) Day-scholar (PM)   Group-A Engineering, Medical & B.Sc. 750 350   Group-B Diploma Course like Engineering, Technical Science & Post Graduate Courses. 510 335   Group-C Engineering, Medicine, Technical Skill, Commerce and for certificates of Post Graduate 400 210   Group-D Post Matric Course up to Graduation 260 160  
     Financial Provision (Rs. In Lakhs)     Caste Provision for 2018-19 Grant Alloted Expenditure Incurred (Rs. In Lakhs)   SEBC 9000.00 7991.99 7991.88       Achievement     Caste Achievements   SEBC 2,05,651             EducationalPre S.S.C Scholarship (S.E.B.C, E.B.C and Minority)Pre S.S.C Scholarship (Nomadic and Denotified Tribes)Post SSC Scholarship to GirlsConcession in Food Bill to students studying in Medical and EngineeringFinancial Assistance to Purchase Medical and Engineering InstrumentsPost SSC Scholarship for boysPost SSC Scholarship to SEBC students living in HostelsPost SSC Scholarship to the students of MinoritiesScholarship for Courses of Higher Secondary Std. XI & XIIMerit-cum-Means Scholarship (for Minority Communities)Assistance to students of Nomadic / De-notified Tribes studying in self finance institutesScholarship for Technical and Professional CoursesFinancial Loan for Training of Commercial PilotUniform Assistance of two Pairs to the Children studying in Std. I to VIIIBook Bank for students of Medical and EngineeringPrize Schemes for students top ranks in Std. X and XII Board ExaminationBi-cycle to girls studying in Std. IXScholarship for Courses of M.Phil and Ph.D.Loan for Study AbroadScholarship for Training of IAS and IPSPre SSC Scholarship to Most Backward Classes for Std. I to X (50% Centrally Sponsored Scheme)Govt. of India’s Pre-matric Scholarship for Minority Communities (100% Centrally Sponsored Scheme)Sewing Classes for WomenAssistance for private tuition to students of standard 11 and 12 science stream.Financial assistance to SEBC students for pre-examination training of NIIT, JEE, GUJCET and PMTAssistance to SEBC students of std. 12 science for coaching of IIM, CEPT, NIFT and NLUTalent Pool scheme for Nomadic and Denotified Tribe students.
     About usIntroductionActivitiesOrganization setupResolutionsSchemesEducationalEconomic UpliftmentHealth, housing construction and otherSpecial Plan HostelsGrant-in-Aid HostelsGovernment HostelsNTDNT Schemes Expenditure  ReportContactDirector, Developing Caste Welfare
Block No. 4, 3rd Floor,
Dr. Jivraj Mehta Bhavan,
Gandhinagar,
Gujarat (India).Phone+91 79 23253245  
   ©2021 Director, Developing Castes Welfare, Government of Gujarat Privacy PolicySitemapHyperlinking PolicyCopyright PolicyTerms & ConditionsDisclaimer    Visitors1867725
Last update 18 Sep 2023","### Name of Scheme
Post SSC Scholarship to SEBC students living in Hostels

### Eligibility Criteria 
Yes, there are eligibility criteria to avail the Post SSC Scholarship to SEBC students living in Hostels. This scheme is a Centrally Sponsored Scheme and the Central Govt. gives 100% grants for this scheme. The key eligibility criteria for this scheme are for S.E.B.C students studying in std. 11, 12, Graduation and Post Graduation with an annual income limit of Rs. 1,50,000/-. Because the provided text does not mention specifics about these, there are currently no known details on validity, conditions, renewal process, or specific conditions related to scheme functioning.

### Benefits of the Scheme 
The Post SSC Scholarship to SEBC students living in Hostels scheme provides financial aid to Socio-Economically Backward Class (SEBC) students residing in hostels. Beneficiaries include students in standard 11, 12, and those pursuing Graduation and Post Graduation. 

This scheme, fully funded by the Central Government, offers varied assistance based on the course and whether the recipient is a hosteller or a day scholar. For example, students taking Engineering, Medical & B.Sc (Group-A) receive Rs. 750 (PM) for hostelers and Rs. 350 (PM) for day scholars. In 2018-19, the SEBC fund was Rs. 9000.00 lakhs, with Rs. 7991.99 lakhs allotted and spent, benefitting 2,05,651 SEBC students.

### Steps to Avail
Currently, there are no concrete instructions on applying for the Post SSC Scholarship to SEBC students living in Hostels scheme.

### Source
[https://sje.gujarat.gov.in/ddcw/schemes/1486](https://sje.gujarat.gov.in/ddcw/schemes/1486)","### योजना का नाम
हॉस्टल में रहने वाले एसईबीसी छात्रों को पोस्ट एसएससी स्कॉलरशिप

### पात्रता मानदंड
हॉस्टल में रहने वाले एसईबीसी छात्रों को पोस्ट एसएससी स्कॉलरशिप का लाभ पाने के लिए पात्रता मानदंड होते हैं। यह योजना एक केंद्र सरकार द्वारा संवितिपूर्ण योजना है और केंद्र सरकार इस योजना के लिए 100% अनुदान प्रदान करती है। इस योजना के लिए मुख्य पात्रता मानदंड हैं कि एसईबीसी छात्र जो स्टैंडर्ड 11, 12, स्नातक और पोस्ट ग्रेजुएशन में पढ़ रहे हैं, उनकी वार्षिक आय सीमा 1,50,000 रुपये होनी चाहिए। क्योंकि प्रदान किए गए पाठ में इन विशेष बिंदुओं के बारे में उल्लिखित नहीं है, तो वर्तमान में पात्रता, शर्तें, पुनर्नवीकरण प्रक्रिया या योजना के कार्यान्वयन से संबंधित कोई जाने गए विवरण नहीं हैं।

### योजना के लाभ
हॉस्टल में रहने वाले एसईबीसी छात्रों को पोस्ट एसएससी स्कॉलरशिप योजना सोशियो-इकोनॉमिकली बैकवर्ड क्लास (एसईबीसी) छात्रों को वित्तीय सहायता प्रदान करती है, जो हॉस्टल में रहते हैं। इस योजना के लाभार्थी मुख्य रूप से स्टैंडर्ड 11, 12, और स्नातक और पोस्ट ग्रेजुएशन में पढ़ रहे छात्रों को शामिल करते हैं।

इस योजना को पूरी तरह से केंद्र सरकार द्वारा वित्तपोषित किया जाता है और यह कोर्स और प्राप्तकर्ता के होस्टल में रहने वाले या दिन के छात्र होने के आधार पर विभिन्न सहायता प्रदान करता है। उदाहरण के लिए, इंजीनियरिंग, मेडिकल और बीएससी (ग्रुप-ए) में पढ़ रहे छात्रों को हॉस्टल में रहने वालों के लिए मासिक रूप से 750 रुपये और दिन के छात्रों के लिए 350 रुपये प्राप्त होते हैं। 2018-19 में, एसईबीसी फंड 9000.00 लाख रुपये था, जिसमें से 7991.99 लाख रुपये आवंटित और खर्च किए गए, जिससे 2,05,651 एसईबीसी छात्रों को लाभ हुआ।

### प्राप्त करने के चरण
वर्तमान में, हॉस्टल में रहने वाले एसईबीसी छात्रों को पोस्ट एसएससी स

्कॉलरशिप के लिए आवेदन करने के बारे में कोई ठोस निर्देश नहीं हैं।

### स्रोत
[यहां क्लिक करें](https://sje.gujarat.gov.in/ddcw/schemes/1486)"
4,4,"['Male', 'Female']",['Student'],['None'],student_gj_1.html,https://sje.gujarat.gov.in/ddcw/schemes/1507,"Establishment and Development of Govt. Hostels for Boys & Girls | Health, housing construction and other | Schemes | Director, Developing Castes Welfare
 Skip to Main ContentScreen Reader Access   A-AA+ English | ગુજરાતી HOD/Boards/Corporations  Director, Scheduled Caste Welfare Director, Developing Castes Welfare  Director, Social Defense Commissioner, Persons with Disability  Gujarat Schedule Caste Development Corporation  Gujarat Backward Classes Development Corporation  Gujarat Safai Kamdar Development Corporation  Gujarat Thakore and Koli Development Corporation Gujarat Minority Finance and Development Corporation Gujarat Gopalak Development Corporation Dr. Ambedkar Antyodaya Development CorporationGujarat State Commission for Protection of Child Rights Gujarat Unreserved Education & Economic Development Corporation Gujarat State Child Protection Society Gujarat State Commission for Unreserved Classes  Gujarat Nomedic and Denotified Tribes Development Corporation   Director, Developing Castes WelfareGovernment of Gujarat
FormFAQ Feedback Sitemap Right to InformationCentrally Sponsored SchemesHome About us IntroductionActivitiesOrganization setup
Resolutions
 SchemesEducationalEconomic UpliftmentHealth, housing construction and otherSpecial Plan
 NTDNT Schemes  Schools and Ashram Schools અનુદાનિત નિવાસી પ્રાથમિક શાળાIdeal Residential School Hostels Grant-in-Aid HostelsGovernment Hostels
Contact Search  Search Button     Home Schemes Health, housing construction and other Establishment and Development of Govt. Hostels for Boys & Girls
Establishment and Development of Govt. Hostels for Boys & Girls
Print this Page
Share
      Eligibility Criteria    Annual Income Limit for SEBC, EBC boys Rs. 47000/- in Rural area and Rs. 68000/- in Urban area, while Annual Income Limit for Girls is five times of BPL income.     Assistance Criteria     Total 63 Govt. Hostels are running for Std. 11 and 12 and for College level also Free of charge Lodging and Boarding facilities are given in the Hostels to the students     Financial Provision (Rs. In Lakhs)     Caste Provision for 2018-19 Grant Alloted Expenditure Incurred   SEBC 3678.63 3825.27 3825.27       Achievement     Caste Achievements   SEBC 63             Health, housing construction and otherGrant-in-Aid HostelsSubsidiary grant for Construction of Grant-in-Aid Hostels for Boys and GirlsEstablishment and Development of Govt. Hostels for Boys & GirlsAshram ShalasIdeal Residential Schools
     About usIntroductionActivitiesOrganization setupResolutionsSchemesEducationalEconomic UpliftmentHealth, housing construction and otherSpecial Plan HostelsGrant-in-Aid HostelsGovernment HostelsNTDNT Schemes Expenditure  ReportContactDirector, Developing Caste Welfare
Block No. 4, 3rd Floor,
Dr. Jivraj Mehta Bhavan,
Gandhinagar,
Gujarat (India).Phone+91 79 23253245  
   ©2021 Director, Developing Castes Welfare, Government of Gujarat Privacy PolicySitemapHyperlinking PolicyCopyright PolicyTerms & ConditionsDisclaimer    Visitors1867723
Last update 18 Sep 2023","### Name of Scheme
Establishment and Development of Govt. Hostels for Boys & Girls

### Eligibility Criteria
Yes, there are eligibility criteria to avail the scheme. As per the information provided, the annual income limit for Socially and Economically Backward Class (SEBC) and Economically Backward Class (EBC) boys is Rs. 47000/- in rural areas and Rs. 68000/- in urban areas. Conversely, the annual income limit for girls is described as five times that of the Below Poverty Line (BPL) income. The scheme is primarily aimed at students in Standard 11 and 12, as well as those at the college level.

### Benefits of the Scheme
The beneficiaries of this scheme are those who meet the aforementioned income criteria. The scheme includes a total of 63 Govt. hostels that are running for Std. 11 and 12, and college level students. These hostels offer free lodging and boarding facilities to the eligible students. In addition to these, the scheme also provides grants for health, housing construction, and other related needs.

### Steps to Avail
The document does not provide information on how to avail or apply for this government scheme.

### Source
[https://sje.gujarat.gov.in/ddcw/schemes/1507](https://sje.gujarat.gov.in/ddcw/schemes/1507)","### योजना का नाम
छात्रों के लिए सरकारी हॉस्टल की स्थापना और विकास

### पात्रता मानदंड
हां, इस योजना का लाभ पाने के लिए पात्रता मानदंड होते हैं। प्राप्त जानकारी के अनुसार, सामाजिक और आर्थिक रूप से पिछड़ा वर्ग (एसईबीसी) और आर्थिक रूप से पिछड़े वर्ग (ईबीसी) के लड़कों के लिए ग्रामीण क्षेत्रों में वार्षिक आय सीमा 47,000 रुपये है और शहरी क्षेत्रों में 68,000 रुपये है। विपरीत रूप से, लड़कियों के लिए वार्षिक आय सीमा को नीचे गरीबी रेखा (बीपीएल) की आय की पांच गुना बताया गया है। इस योजना का मुख्य उद्देश्य प्राध्यापक 11 और 12 में और कॉलेज स्तर पर छात्रों को लक्ष्यित करना है।

### योजना के लाभ
इस योजना के लाभार्थी वे छात्र हैं जो पूर्ववर्ती आय मानदंडों को पूरा करते हैं। इस योजना में कुल 63 सरकारी हॉस्टल शामिल हैं जो प्राध्यापक 11 और 12, और कॉलेज स्तर के छात्रों के लिए चल रहे हैं। इन हॉस्टल्स में पात्र छात्रों को मुफ्त आवास और खाने की सुविधाएं प्रदान की जाती हैं। इनके अलावा, योजना स्वास्थ्य, आवास निर्माण और अन्य संबंधित आवश्यकताओं के लिए अनुदान भी प्रदान करती है।

### प्राप्ति के चरण
इस सरकारी योजना का लाभ पाने या आवेदन करने के लिए विवरण दस्तावेज़ प्रदान नहीं करता है।

### स्रोत
[https://sje.gujarat.gov.in/ddcw/schemes/1507](https://sje.gujarat.gov.in/ddcw/schemes/1507)"
5,5,['None'],['Student'],['None'],students_tn_2.html,https://www.tn.gov.in/scheme/data_view/83082,"Scheme | Tamil Nadu Government Portal
​
Skip to main content
  ≡ MENU 
தமிழ் வடிவம்
Announcements
GOs of Public interest
Press Release
Contact Directory
Languages
English  Version
தமிழ் வடிவம்
topmenu
Announcements
GOs of Public interest
Press Release
Contact Directory
Search 
CSC Login 
GovernmentServicesSchemesFormsDocumentsGrievancesAbout Tamil Nadu
You are hereHome >> Scheme >> 
You are hereHome >> Scheme >> 
Back Scheme
Concerned Department : Adi Dravidar and Tribal Welfare DepartmentConcerned District : All DistrictsOrganisation Name : Adi Dravidar Welfare DirectorateScheme DetailsTitle / Name : Adi Dravidar and Tribal Welfare Department -Incentive / Award of Prizes - District Level Prize plus2 Examination Rs.3000/- 10th Std First prize Rs.1000/- Second Prize Rs.500/- Third Prize Rs.300/.Associated Scheme : Sponsored By : StateFunding Pattern : Beneficiaries : StudentsBenefits Types : IncentivesEligibility criteriaIncome : 0Age : --Community : --Other Details : --How To Avail : District Adi Dravidar and Tribal Welfare OfficerValidity of the SchemeIntroduced On : Valid Upto : --Description : Adi Dravidar and Tribal Welfare Department -Incentive / Award of Prizes - District Level Prize plus2 Examination Rs.3000/- 10th Std First prize Rs.1000/- Second Prize Rs.500/- Third Prize Rs.300/.One Boy and One Girl each from Adi Dravidar/Tribal / Adi Dravidar Converted to Christianity who have secured highest mark 
footermenu
Add To Favorites
Feedback
About this Portal
SiteMap
Holidays
Contact Us
 e-District Statistics
 Last Updated :  Sep 19,2023
Add To Favorites
Feedback
About this Portal
Contents owned and updated by concerned Departments and coordinated  by Information Technology Department
Secretariat, Fort St. George, Chennai 600 009, Tamil Nadu, India
 Designed & Developed by National Informatics Centre
E-Mail: webadmin.tn@nic.in
Disclaimer | 
Privacy Policy | 
Terms of Use","### Name of Scheme
Adi Dravidar and Tribal Welfare Department - Incentive/Award of Prizes

### Eligibility Criteria
Yes, there are eligibility criteria and conditions to avail the scheme. The students are the beneficiaries of the scheme. Information on how to avail of the scheme is provided, stating that the District Adi Dravidar and Tribal Welfare Officer should be contacted. There are no specified income, age, or community restrictions mentioned. 

### Benefits of the Scheme
The government scheme provides financial incentives and awards to students who excel in their studies. This includes a District Level Prize for plus 2 examination with a reward of Rs. 3000, a first prize of Rs. 1000 and a second prize of Rs. 500 for the 10th standard examination. A third prize of Rs. 300 is also available. The awards and incentives are for one boy and one girl each from Adi Dravidar/Tribal / Adi Dravidar Converted to Christianity who have secured the highest mark.

### Steps to Avail
To avail the scheme, the District Adi Dravidar and Tribal Welfare Officer should be contacted. Further specific steps on how to avail or apply for the government scheme are not provided.

### Source
https://www.tn.gov.in/scheme/data_view/83082","### योजना का नाम
आदि द्रविड़र और जनजाति कल्याण विभाग - प्रोत्साहन / पुरस्कार

### पात्रता मानदंड
हां, इस योजना का लाभ पाने के लिए पात्रता मानदंड और शर्तें हैं। इस योजना के लाभार्थी छात्र हैं। योजना का लाभ कैसे प्राप्त करें, इसकी जानकारी प्रदान की जाती है, जिसमें यह कहा गया है कि जिला आदि द्रविड़र और जनजाति कल्याण अधिकारी से संपर्क करना चाहिए। यहां कोई निर्दिष्ट आय, आयु, या समुदाय प्रतिबंध नहीं हैं।

### योजना के लाभ
सरकारी योजना छात्रों को उनके अध्ययन में उत्कृष्टता प्राप्त करने वाले छात्रों को वित्तीय प्रोत्साहन और पुरस्कार प्रदान करती है। इसमें एक प्लस 2 परीक्षा के जिला स्तर का पुरस्कार शामिल है, जिसमें 3000 रुपये का इनाम है, 10 वीं कक्षा की परीक्षा के लिए 1000 रुपये का पहला पुरस्कार और 500 रुपये का दूसरा पुरस्कार शामिल है। एक तीसरा पुरस्कार भी 300 रुपये का उपलब्ध है। पुरस्कार और प्रोत्साहन आदि द्रविड़र / जनजाति / ईसाई धर्म में परिवर्तित एक छात्र और एक छात्रा के लिए हैं जिन्होंने सबसे अधिक अंक प्राप्त किए हैं।

### प्राप्त करने के चरण
इस योजना का लाभ पाने के लिए, जिला आदि द्रविड़र और जनजाति कल्याण अधिकारी से संपर्क करना चाहिए। सरकारी योजना का लाभ पाने या आवेदन करने के विशिष्ट चरण अब तक प्रदान नहीं किए गए हैं।

### स्रोत
[https://www.tn.gov.in/scheme/data_view/83082](https://www.tn.gov.in/scheme/data_view/83082)"
6,6,['None'],['Farmers'],['None'],famers_tn_3.html,https://www.tn.gov.in/scheme/data_view/3562,"Scheme | Tamil Nadu Government Portal
​
Skip to main content
  ≡ MENU 
தமிழ் வடிவம்
Announcements
GOs of Public interest
Press Release
Contact Directory
Languages
English  Version
தமிழ் வடிவம்
topmenu
Announcements
GOs of Public interest
Press Release
Contact Directory
Search 
CSC Login 
GovernmentServicesSchemesFormsDocumentsGrievancesAbout Tamil Nadu
You are hereHome >> Scheme >> 
You are hereHome >> Scheme >> 
Back Scheme
Concerned Department : Co-operation, Food and Consumer Protection DepartmentConcerned District : All DistrictsOrganisation Name : --Scheme DetailsTitle / Name : Primary Cooperative Agriculture and Rural Development Bank - For Poultry developmentAssociated Scheme : Sponsored By : StateFunding Pattern : Purpose for which loan can be obtained : Poultry development
Maximum amount of loan  : Rs.14,800 for 200 birds 
Rs.17,000 for 2 cows.
Rate of interest (Subject to change): 14.5% to 16.5%Beneficiaries : FarmersBenefits Types : GrantsEligibility criteriaIncome : --Age : --Community : --Other Details : --How To Avail : Secretary / 
Special Officer 
Validity of the SchemeIntroduced On : Valid Upto : --Description : Purpose for which loan can be obtained : Poultry development
Maximum amount of loan  : Rs.14,800 for 200 birds 
Rs.17,000 for 2 cows.
Rate of interest (Subject to change): 14.5% to 16.5% 
footermenu
Add To Favorites
Feedback
About this Portal
SiteMap
Holidays
Contact Us
 e-District Statistics
 Last Updated :  Sep 19,2023
Add To Favorites
Feedback
About this Portal
Contents owned and updated by concerned Departments and coordinated  by Information Technology Department
Secretariat, Fort St. George, Chennai 600 009, Tamil Nadu, India
 Designed & Developed by National Informatics Centre
E-Mail: webadmin.tn@nic.in
Disclaimer | 
Privacy Policy | 
Terms of Use","### Name of Scheme
Primary Cooperative Agriculture and Rural Development Bank - For Poultry development

### Eligibility Criteria
The text does not provide specific eligibility criteria as all those details are left blank (represented as '--'). The scheme allows loans for poultry development, with a maximum amount of Rs.14,800 for 200 birds and Rs.17,000 for 2 cows. The rate of interest is subject to change and could range from 14.5% to 16.5%. To avail the scheme, a person needs to contact the Secretary or a Special Officer. There is however no information provided about the validity of the scheme.

### Benefits of the Scheme
The government scheme titled ""Primary Cooperative Agriculture and Rural Development Bank - For Poultry development"" provides financial assistance for poultry development. The scheme offers loans for farmers, the maximum amount being Rs.14,800 for 200 birds and Rs.17,000 for 2 cows. Farmers are encouraged to apply for these funds as part of their agricultural development activities. A significant benefit of this scheme is the financial grant that can be accessed to improve and grow poultry and cattle farming operations.

### Steps to Avail
The text does not provide specific steps to avail or apply for the government scheme. However, it mentions contacting the Secretary or Special Officer to avail the scheme.

### Source
[https://www.tn.gov.in/scheme/data_view/3562](https://www.tn.gov.in/scheme/data_view/3562)","### योजना का नाम
प्राथमिक सहकारी कृषि और ग्रामीण विकास बैंक - मुर्गी पालन के लिए

### पात्रता मानदंड
पाठ में विशेष पात्रता मानदंड प्रदान नहीं करता है क्योंकि सभी विवरण खाली छोड़ दिए गए हैं ('--' के रूप में प्रतिष्ठित किए गए)। यह योजना मुर्गी पालन के लिए ऋण प्रदान करती है, जिसमें 200 मुर्गियों के लिए अधिकतम राशि 14,800 रुपये है और 2 गायों के लिए 17,000 रुपये है। ब्याज की दर परिवर्तन के आधार पर होती है और 14.5% से 16.5% तक हो सकती है। इस योजना का लाभ प्राप्त करने के लिए, एक व्यक्ति को सचिव या विशेष अधिकारी से संपर्क करना होगा। हालांकि, योजना की मान्यता के बारे में कोई जानकारी प्रदान नहीं की गई है।

### योजना के लाभ
सरकारी योजना जिसका नाम है "प्राथमिक सहकारी कृषि और ग्रामीण विकास बैंक - मुर्गी पालन के लिए" मुर्गी पालन के लिए वित्तीय सहायता प्रदान करती है। इस योजना में किसानों के लिए ऋण प्रदान किए जाते हैं, जिसकी अधिकतम राशि 200 मुर्गियों के लिए 14,800 रुपये है और 2 गायों के लिए 17,000 रुपये हैं। किसानों को अपनी कृषि विकास गतिविधियों का हिस्सा के रूप में इन अनुदानों के लिए आवेदन करने की प्रोत्साहन दी जाती है। इस योजना का एक महत्वपूर्ण लाभ यह है कि पूल्ट्री और पशु पालन के ऑपरेशन को सुधारने और बढ़ाने के लिए वित्तीय सहायता मिल सकती है।

### प्राप्ति के चरण
पाठ में सरकारी योजना का लाभ पाने या आवेदन करने के लिए विशिष्ट चरण प्रदान नहीं करता है"
7,7,['None'],['Student'],"['SC', 'ST']",sc_st_tn_1.html,https://www.tn.gov.in/scheme/data_view/26775,"Scheme | Tamil Nadu Government Portal
​
Skip to main content
  ≡ MENU 
தமிழ் வடிவம்
Announcements
GOs of Public interest
Press Release
Contact Directory
Languages
English  Version
தமிழ் வடிவம்
topmenu
Announcements
GOs of Public interest
Press Release
Contact Directory
Search 
CSC Login 
GovernmentServicesSchemesFormsDocumentsGrievancesAbout Tamil Nadu
You are hereHome >> Scheme >> 
You are hereHome >> Scheme >> 
Back Scheme
Concerned Department : Adi Dravidar and Tribal Welfare DepartmentConcerned District : All DistrictsOrganisation Name : Adi Dravidar and Tribal Welfare Scheme DetailsTitle / Name : Annal Gandhi Memorial Award Associated Scheme : Sponsored By : StateFunding Pattern : Beneficiaries : SC/STBenefits Types : Education BenefitsEligibility criteriaIncome : --Age : --Community : SC/STOther Details : --How To Avail : CADW through educational institutions.Validity of the SchemeIntroduced On : May 07, 2012Valid Upto : --Description : One boy and one girl belonging to Hindu Adi Dravidar community who secure first rank in each district in plus 2 Public Examinations. An award of Rs.2,000 is given in the first year and Rs.1,500 per annum for the succeeding five years.Scheme Type : downloadUploaded File : adtw.pdf 
footermenu
Add To Favorites
Feedback
About this Portal
SiteMap
Holidays
Contact Us
 e-District Statistics
 Last Updated :  Sep 19,2023
Add To Favorites
Feedback
About this Portal
Contents owned and updated by concerned Departments and coordinated  by Information Technology Department
Secretariat, Fort St. George, Chennai 600 009, Tamil Nadu, India
 Designed & Developed by National Informatics Centre
E-Mail: webadmin.tn@nic.in
Disclaimer | 
Privacy Policy | 
Terms of Use","### Name of Scheme
Annal Gandhi Memorial Award

### Eligibility Criteria
Yes, there are eligibility criteria and conditions to avail the scheme. According to the scheme, the beneficiaries must belong to the SC/ST community, specifically the Hindu Adi Dravidar community. Additionally, those targeting the scheme must have secured the first rank in their district in plus 2 Public Examinations. The scheme can be availed through CADW via educational institutions. Although introduced on May 07, 2012, no end date for this scheme has been provided. However, no specific required income and age have been mentioned as part of the eligibility criteria. 

### Benefits of the Scheme
The Annal Gandhi Memorial Award government scheme provides educational benefits to SC/ST students. A boy and a girl, belonging to the Hindu Adi Dravidar community, who secure the first rank in each district in plus 2 Public Examinations are awarded. The benefit amount is Rs.2,000 given in the first year and then Rs.1,500 per annum for the succeeding five years. 

### Steps to Avail
The text does not provide specific steps on how to apply or avail the Annal Gandhi Memorial Award under the Adi Dravidar and Tribal Welfare Scheme. It only states that the scheme can be availed through educational institutions.

### Source
[Link to Source](https://www.tn.gov.in/scheme/data_view/26775)","### योजना का नाम
अन्नल गांधी स्मारक पुरस्कार

### पात्रता मानदंड
हां, इस योजना का लाभ पाने के लिए पात्रता मानदंड और शर्तें हैं। इस योजना के अनुसार, लाभार्थी का SC/ST समुदाय से होना चाहिए, विशेष रूप से हिन्दू आदि द्रविड़ समुदाय से होना चाहिए। इसके अलावा, इस योजना का लाभ पाने के लिए उन्हें प्लस 2 सार्वजनिक परीक्षणों में अपने जिले में पहले स्थान पर प्राप्त करना चाहिए। इस योजना का लाभ शैक्षिक संस्थानों के माध्यम से CADW के माध्यम से प्राप्त किया जा सकता है। इसे 07 मई 2012 को प्रस्तुत किया गया है, हालांकि इस योजना के लिए कोई समाप्ति तिथि प्रदान नहीं की गई है। हालांकि, पात्रता मानदंड के हिस्से के रूप में कोई विशेष आवश्यक आय और आयु का उल्लेख नहीं किया गया है।

### योजना के लाभ
अन्नल गांधी स्मारक पुरस्कार सरकारी योजना SC/ST छात्रों को शैक्षिक लाभ प्रदान करती है। प्लस 2 सार्वजनिक परीक्षणों में अपने जिले में पहले स्थान प्राप्त करने वाले हिन्दू आदि द्रविड़ समुदाय के एक लड़के और एक लड़की को पुरस्कृत किया जाता है। लाभ राशि पहले साल में 2,000 रुपये है और फिर आने वाले पांच वर्षों के लिए वर्षिक 1,500 रुपये होती है।

### प्राप्ति के चरण
पाठ में अदि द्रविड़र और जनजाति कल्याण योजना के तहत अन्नल गांधी स्मारक पुरस्कार का आवेदन कैसे करें या लाभ प्राप्त करें, इसके बारे में विशिष्ट चरण प्रदान नहीं करता है। इसमें केवल यह कहा गया है कि योजना शैक्षिक संस्थानों के माध्यम से प्राप्त की जा सकती है।"
8,8,['Female'],['None'],['None'],woment_tn_3.html,https://www.tn.gov.in/scheme/data_view/6692,"Scheme | Tamil Nadu Government Portal
​
Skip to main content
  ≡ MENU 
தமிழ் வடிவம்
Announcements
GOs of Public interest
Press Release
Contact Directory
Languages
English  Version
தமிழ் வடிவம்
topmenu
Announcements
GOs of Public interest
Press Release
Contact Directory
Search 
CSC Login 
GovernmentServicesSchemesFormsDocumentsGrievancesAbout Tamil Nadu
You are hereHome >> Scheme >> 
You are hereHome >> Scheme >> 
Back Scheme
Concerned Department : Tourism,Culture and Religious Endowments DepartmentConcerned District : All DistrictsOrganisation Name : Art and CultureScheme DetailsTitle / Name : Assistance for miscarriage or Termination of PregnancyAssociated Scheme : Sponsored By : StateFunding Pattern : Rs. 3000Beneficiaries : Pregnant WomenBenefits Types : GrantsEligibility criteriaIncome : --Age : --Community : --Other Details : --How To Avail : Apply to the Secretary, Tamil Nadu Folk Artistes Welfare BoardValidity of the SchemeIntroduced On : Valid Upto : --Description : To a registerd female Folk Artiste towards hospital expenses for miscarriage or termination of pregnancy for maximum 2 timesScheme Type : downloadUploaded File : TNFAWB_form_12.pdf 
footermenu
Add To Favorites
Feedback
About this Portal
SiteMap
Holidays
Contact Us
 e-District Statistics
 Last Updated :  Sep 19,2023
Add To Favorites
Feedback
About this Portal
Contents owned and updated by concerned Departments and coordinated  by Information Technology Department
Secretariat, Fort St. George, Chennai 600 009, Tamil Nadu, India
 Designed & Developed by National Informatics Centre
E-Mail: webadmin.tn@nic.in
Disclaimer | 
Privacy Policy | 
Terms of Use","### Name of Scheme
Assistance for Miscarriage or Termination of Pregnancy

### Eligibility Criteria
The ""Assistance for Miscarriage or Termination of Pregnancy"" scheme is designed for registered female Folk Artistes. The scheme provides financial aid for hospital expenses related to miscarriage or termination of pregnancy for up to 2 instances. Sponsored by the state, the funding pattern of the scheme is Rs. 3000. The document does not specify any eligibility criteria based on income, age, or community affiliation. 

### Benefits of the Scheme
The scheme offers a financial grant of Rs. 3000, covering hospital expenses in case of miscarriage or termination of pregnancy up to a maximum of two instances. The scheme is specifically aimed at supporting registered female Folk Artistes in Tamil Nadu.

### Steps to Avail
To apply for the Assistance for Miscarriage or Termination of Pregnancy scheme, the applicant has to submit their application to the Secretary, Tamil Nadu Folk Artistes Welfare Board.

### Source
[https://www.tn.gov.in/scheme/data_view/6692](https://www.tn.gov.in/scheme/data_view/6692)","### योजना का नाम
गर्भपात या गर्भ समापन के लिए सहायता

### पात्रता मानदंड
"गर्भपात या गर्भ समापन के लिए सहायता" योजना को पंजीकृत महिला लोक कलाकारों के लिए डिज़ाइन किया गया है। इस योजना में गर्भपात या गर्भ समापन से संबंधित अस्पताल खर्चों के लिए वित्तीय सहायता प्रदान की जाती है, अधिकतम 2 मामलों तक। योजना का वित्त पैटर्न राज्य सरकार द्वारा स्पॉन्सर किया जाता है, जिसमें योजना के लिए वित्त पैटर्न रूप में 3000 रुपये शामिल है। इस दस्तावेज़ में कोई आय, आयु, या समुदाय संबंधित पात्रता मानदंड की विशेष विवरण नहीं दिया गया है।

### योजना के लाभ
योजना गर्भपात या गर्भ समापन के मामले में अस्पताल खर्च को आवरण करने के लिए अधिकतम दो मामलों तक 3000 रुपये का वित्तीय अनुदान प्रदान करती है। इस योजना का विशेष उद्देश्य तमिलनाडु में पंजीकृत महिला लोक कलाकारों का समर्थन करना है।

### प्राप्ति के चरण
गर्भपात या गर्भ समापन के लिए सहायता योजना के लिए आवेदन करने के लिए, आवेदक को अपना आवेदन तमिलनाडु लोक कलाकार कल्याण बोर्ड के सचिव के पास जमा करना होता है।

### स्रोत
[https://www.tn.gov.in/scheme/data_view/6692](https://www.tn.gov.in/scheme/data_view/6692)"
9,9,['None'],['Student'],['None'],students_gj_2.html,https://sje.gujarat.gov.in/ddcw/schemes/1492,"Merit-cum-Means Scholarship (for Minority Communities) | Educational | Schemes | Director, Developing Castes Welfare
 Skip to Main ContentScreen Reader Access   A-AA+ English | ગુજરાતી HOD/Boards/Corporations  Director, Scheduled Caste Welfare Director, Developing Castes Welfare  Director, Social Defense Commissioner, Persons with Disability  Gujarat Schedule Caste Development Corporation  Gujarat Backward Classes Development Corporation  Gujarat Safai Kamdar Development Corporation  Gujarat Thakore and Koli Development Corporation Gujarat Minority Finance and Development Corporation Gujarat Gopalak Development Corporation Dr. Ambedkar Antyodaya Development CorporationGujarat State Commission for Protection of Child Rights Gujarat Unreserved Education & Economic Development Corporation Gujarat State Child Protection Society Gujarat State Commission for Unreserved Classes  Gujarat Nomedic and Denotified Tribes Development Corporation   Director, Developing Castes WelfareGovernment of Gujarat
FormFAQ Feedback Sitemap Right to InformationCentrally Sponsored SchemesHome About us IntroductionActivitiesOrganization setup
Resolutions
 SchemesEducationalEconomic UpliftmentHealth, housing construction and otherSpecial Plan
 NTDNT Schemes  Schools and Ashram Schools અનુદાનિત નિવાસી પ્રાથમિક શાળાIdeal Residential School Hostels Grant-in-Aid HostelsGovernment Hostels
Contact Search  Search Button     Home Schemes Educational Merit-cum-Means Scholarship (for Minority Communities)
Merit-cum-Means Scholarship (for Minority Communities)
Print this Page
Share
      Eligibility Criteria    Muslim, Christian, Shikh, Buddh, Jain and Parsi (Religious minorities) Annual income limit is Rs. 2,50,000/- Online form is filled momascholarship.gov.in For professional courses like Medical and Engineering.     Scholarship Rate:-      Courses Hosteller (P.M. Rs.) Day Scholar (P.M. Rs.)   Technical & Professional (Degree Level) Courses Rs. 1,000/- (for 10 months) Rs. 500/- (for 10 months)   Admission Fees and Tuition fees are granted as paid by students or maximum Rs. 20,000/-, Students from LISTED institutes are paid complete fees paid by students.       Financial Provision (Rs. In Lakhs)     Caste Provision for 2018-19 Grant Alloted Expenditure Incurred   Minority 25.00 2.30 2.29       Achievement     Caste Achievements   Minority -             EducationalPre S.S.C Scholarship (S.E.B.C, E.B.C and Minority)Pre S.S.C Scholarship (Nomadic and Denotified Tribes)Post SSC Scholarship to GirlsConcession in Food Bill to students studying in Medical and EngineeringFinancial Assistance to Purchase Medical and Engineering InstrumentsPost SSC Scholarship for boysPost SSC Scholarship to SEBC students living in HostelsPost SSC Scholarship to the students of MinoritiesScholarship for Courses of Higher Secondary Std. XI & XIIMerit-cum-Means Scholarship (for Minority Communities)Assistance to students of Nomadic / De-notified Tribes studying in self finance institutesScholarship for Technical and Professional CoursesFinancial Loan for Training of Commercial PilotUniform Assistance of two Pairs to the Children studying in Std. I to VIIIBook Bank for students of Medical and EngineeringPrize Schemes for students top ranks in Std. X and XII Board ExaminationBi-cycle to girls studying in Std. IXScholarship for Courses of M.Phil and Ph.D.Loan for Study AbroadScholarship for Training of IAS and IPSPre SSC Scholarship to Most Backward Classes for Std. I to X (50% Centrally Sponsored Scheme)Govt. of India’s Pre-matric Scholarship for Minority Communities (100% Centrally Sponsored Scheme)Sewing Classes for WomenAssistance for private tuition to students of standard 11 and 12 science stream.Financial assistance to SEBC students for pre-examination training of NIIT, JEE, GUJCET and PMTAssistance to SEBC students of std. 12 science for coaching of IIM, CEPT, NIFT and NLUTalent Pool scheme for Nomadic and Denotified Tribe students.
     About usIntroductionActivitiesOrganization setupResolutionsSchemesEducationalEconomic UpliftmentHealth, housing construction and otherSpecial Plan HostelsGrant-in-Aid HostelsGovernment HostelsNTDNT Schemes Expenditure  ReportContactDirector, Developing Caste Welfare
Block No. 4, 3rd Floor,
Dr. Jivraj Mehta Bhavan,
Gandhinagar,
Gujarat (India).Phone+91 79 23253245  
   ©2021 Director, Developing Castes Welfare, Government of Gujarat Privacy PolicySitemapHyperlinking PolicyCopyright PolicyTerms & ConditionsDisclaimer    Visitors1867725
Last update 18 Sep 2023","### Name of Scheme
Merit-cum-Means Scholarship (for Minority Communities)

### Eligibility Criteria
The Merit-cum-Means Scholarship is available for members of the Muslim, Christian, Sikh, Buddhist, Jain and Parsi religious minority communities. The individual should have an annual income limit of Rs. 2,50,000. It is geared towards students pursuing professional courses such as medical and engineering.

### Benefits of the Scheme
The Merit-cum-Means Scholarship provides monetary assistance to minority students pursuing professional courses. The scholarship rates vary with a maximum of Rs. 1,000 per month for 10 months for hostellers and Rs. 500 per month for 10 months for day scholars. It also covers admission and tuition fees up to a maximum of Rs. 20,000. Students from listed institutes can get a complete fee waiver.

### Steps to Avail
To avail the Merit-cum-Means Scholarship, the applicant must fulfil the eligibility criteria. The process of applying involves filling an online form at momascholarship.gov.in.

### Source
[https://sje.gujarat.gov.in/ddcw/schemes/1492](https://sje.gujarat.gov.in/ddcw/schemes/1492)","### योजना का नाम
मेरिट-कम-मीन्स स्कॉलरशिप (अल्पसंख्यक समुदायों के लिए)

### पात्रता मानदंड
मेरिट-कम-मीन्स स्कॉलरशिप मुस्लिम, क्रिश्चियन, सिख, बौद्ध, जैन और पारसी धार्मिक अल्पसंख्यक समुदायों के सदस्यों के लिए उपलब्ध है। व्यक्ति की वार्षिक आय सीमा 2,50,000 रुपये होनी चाहिए। इसका उद्देश्य चिकित्सा और इंजीनियरिंग जैसे पेशेवर पाठ्यक्रमों का पाठ कर रहे छात्रों की ओर मुखित है।

### योजना के लाभ
मेरिट-कम-मीन्स स्कॉलरशिप पेशेवर पाठ्यक्रमों का पाठ कर रहे अल्पसंख्यक छात्रों को वित्तीय सहायता प्रदान करती है। स्कॉलरशिप दरें भिन्न होती हैं, होस्टलर्स के लिए प्रति महीने अधिकतम 10 महीनों के लिए 1,000 रुपये तथा दिन के स्कॉलर्शिप के लिए प्रति महीने अधिकतम 10 महीनों के लिए 500 रुपये होते हैं। यह अधिकतम 20,000 रुपये तक के प्रवेश और शिक्षा शुल्क को भी कवर करती है। सूचीबद्ध संस्थानों के छात्रों को पूर्ण शुल्क माफ किया जा सकता है।

### प्राप्ति के चरण
मेरिट-कम-मीन्स स्कॉलरशिप प्राप्त करने के लिए आवेदक को पात्रता मानदंड पूरा करना होगा। आवेदन की प्रक्रिया मोमास्कॉलरशिप.gov.in पर ऑनलाइन फॉर्म भरने की होती है।

### स्रोत
[https://sje.gujarat.gov.in/ddcw/schemes/1492](https://sje.gujarat.gov.in/ddcw/schemes/1492)"
10,10,['None'],['Student'],"['SC', 'ST']",sc_st_tn_3.html,https://www.tn.gov.in/scheme/data_view/26772,"Scheme | Tamil Nadu Government Portal
​
Skip to main content
  ≡ MENU 
தமிழ் வடிவம்
Announcements
GOs of Public interest
Press Release
Contact Directory
Languages
English  Version
தமிழ் வடிவம்
topmenu
Announcements
GOs of Public interest
Press Release
Contact Directory
Search 
CSC Login 
GovernmentServicesSchemesFormsDocumentsGrievancesAbout Tamil Nadu
You are hereHome >> Scheme >> 
You are hereHome >> Scheme >> 
Back Scheme
Concerned Department : Adi Dravidar and Tribal Welfare DepartmentConcerned District : All DistrictsOrganisation Name : Adi Dravidar and Tribal Welfare Scheme DetailsTitle / Name : Chief Minister Merit Award- Given Rs.3000/- per annum for 5 yearsAssociated Scheme : Sponsored By : StateFunding Pattern : Beneficiaries : SC/STBenefits Types : Education BenefitsEligibility criteriaIncome : --Age : --Community : SC/STOther Details : --How To Avail : DADWO through the Educational Institutions.Validity of the SchemeIntroduced On : May 07, 2012Valid Upto : --Description : 1000 boys and 1000 girls belonging 
to Adi Dravidar, Tribal and Adi 
Dravidar converted to Christianity 
communities in the order of their 
marks in plus 2 Public examination are 
given an award of Rs.3,000 each 
per annum for a period of 5 years, if 
they continue educationScheme Type : downloadUploaded File : adtw.pdf 
footermenu
Add To Favorites
Feedback
About this Portal
SiteMap
Holidays
Contact Us
 e-District Statistics
 Last Updated :  Sep 19,2023
Add To Favorites
Feedback
About this Portal
Contents owned and updated by concerned Departments and coordinated  by Information Technology Department
Secretariat, Fort St. George, Chennai 600 009, Tamil Nadu, India
 Designed & Developed by National Informatics Centre
E-Mail: webadmin.tn@nic.in
Disclaimer | 
Privacy Policy | 
Terms of Use","### Name of the Scheme
Chief Minister Merit Award

### Eligibility Criteria
The scheme does have eligibility criteria, validity, and conditions to avail the benefits. The scheme named ""Chief Minister Merit Award"" is aimed towards the SC/ST community, specifically 1000 boys and 1000 girls from Adi Dravidar, Tribal, and Adi Dravidar converted to Christianity communities are eligible based on their marks obtained in +2 Public examination. They are given an award of Rs.3,000 each per annum for a span of 5 years, given that they continue their education. However, there are no specific income and age criteria provided. The scheme was introduced on May 07, 2012, but there is no detail provided regarding its validity term.

### Benefits of the Scheme
The government scheme provides educational benefits for the SC/ST community. The scheme grants an award of Rs.3000 per annum for a period of 5 years to 1000 boys and 1000 girls belonging to Adi Dravidar, Tribal and Adi Dravidar converted to Christianity communities, as long as they continue their education.

### Steps to Avail
The specific steps to avail or apply for the Chief Minister Merit Award scheme are not provided. However, it mentions that the scheme can be availed through DADWO (District Adi Dravida Welfare Offices) via the Educational Institutions. More specific steps might be available in related forms or guidelines provided by the Adi Dravidar and Tribal Welfare Department.

### Source
[Link](https://www.tn.gov.in/scheme/data_view/26772)","### योजना का नाम
मुख्यमंत्री मेरिट अवार्ड

### पात्रता मानदंड
इस योजना के पात्र होने के लिए, यानि "मुख्यमंत्री मेरिट अवार्ड" योजना का लाभ पाने के लिए पात्रता मानदंड, मानव विकास विभाग के तहत सीएस/एसटी समुदाय के प्रति हैं, विशेष रूप से +2 सार्वजनिक परीक्षा में प्राप्त अंकों के आधार पर प्राप्त किये गए हैं। उन्हें प्रति वर्ष 5 वर्षों के लिए प्रति वर्ष 3,000 रुपये का पुरस्कार दिया जाता है, परंतु उन्हें अपनी शिक्षा जारी रखनी चाहिए। हालांकि, इसमें कोई विशेष आय और आयु संबंधित मानदंड प्रदान नहीं किए गए हैं। यह योजना 07 मई, 2012 को प्रस्तुत की गई थी, लेकिन इसकी मान्यता अवधि के बारे में कोई विवरण प्रदान नहीं किया गया है।

### योजना के लाभ
सरकारी योजना एससी/एसटी समुदाय के लिए शैक्षिक लाभ प्रदान करती है। यह योजना +2 सार्वजनिक परीक्षा में प्राप्त किए गए अंकों के आधार पर प्रति वर्ष 5 वर्षों के लिए 1000 लड़कों और 1000 लड़कियों को एक प्रति वर्ष 3000 रुपये का पुरस्कार प्रदान करती है, जब तक वे अपनी शिक्षा जारी रखते हैं।

### प्राप्ति के चरण
मुख्यमंत्री मेरिट अवार्ड योजना का लाभ प्राप्त करने के विशिष्ट चरण प्रदान नहीं किए गए हैं। हांलांकि, इसमें यह कहा गया है कि योजना को शिक्षा संस्थानों के माध्यम से DADWO (जिला आदि द्रविड़ कल्याण कार्यालय) के माध्यम से उपयोग किया जा सकता है। अधिक विशिष्ट चरण आदि द्रविड़र और जनजाति कल्याण विभाग द्वारा प्रदान किए गए प्रारूपों या दिशानिर्देशों में उपलब्ध हो सकते हैं।

### स्रोत
[लिंक](https://www.tn.gov.in/scheme/data_view/26772)"
11,11,['None'],['Farmers'],['None'],famers_tn_2.html,https://www.tn.gov.in/scheme/data_view/6850,"Scheme | Tamil Nadu Government Portal
​
Skip to main content
  ≡ MENU 
தமிழ் வடிவம்
Announcements
GOs of Public interest
Press Release
Contact Directory
Languages
English  Version
தமிழ் வடிவம்
topmenu
Announcements
GOs of Public interest
Press Release
Contact Directory
Search 
CSC Login 
GovernmentServicesSchemesFormsDocumentsGrievancesAbout Tamil Nadu
You are hereHome >> Scheme >> 
You are hereHome >> Scheme >> 
Back Scheme
Concerned Department : Agriculture - Farmers Welfare DepartmentConcerned District : All DistrictsOrganisation Name : --Scheme DetailsTitle / Name : Farmers Interest Group  (FIG)Associated Scheme : 6815Sponsored By : StateFunding Pattern : Rs. 400 /- to Rs. 20,000/-Beneficiaries : FarmersBenefits Types : GrantsEligibility criteriaIncome : --Age : --Community : --Other Details : --How To Avail : The application is to be submitted to:
Assistant Agricultural officer at the Village Level 
Agricultural Officer / Deputy Agricultural Officer at the Block Level 
The Assistant Director of Agriculture at the Block Level 
The Joint Director of Agriculture at the District Level 
Validity of the SchemeIntroduced On : Valid Upto : --Description : 15 farmers per group) for Agricultural crops.  
An assistance of Rs.5000 per group towards purchase of office equipments, purchase of technical bulletins and setting up of Library - Training and acquisition of skills by farmer Members @ 
Rs.4000/- per group,issue of ID cards @ Rs.400/- per group and for district level meeting @Rs.20,000/- per meeting 
footermenu
Add To Favorites
Feedback
About this Portal
SiteMap
Holidays
Contact Us
 e-District Statistics
 Last Updated :  Sep 19,2023
Add To Favorites
Feedback
About this Portal
Contents owned and updated by concerned Departments and coordinated  by Information Technology Department
Secretariat, Fort St. George, Chennai 600 009, Tamil Nadu, India
 Designed & Developed by National Informatics Centre
E-Mail: webadmin.tn@nic.in
Disclaimer | 
Privacy Policy | 
Terms of Use","### Name of Scheme
Farmers Interest Group (FIG)

### Eligibility Criteria
The text does not mention any specific eligibility criteria such as income, age, or community to avail the scheme. With regard to the validity of the scheme, the text does not provide any information on the introduction date or the validity duration of the scheme. The conditions to avail the scheme are that the application should be submitted to the respective officer based on the administration level.

### Benefits of the Scheme
The Farmers Interest Group (FIG) scheme provides grants to farmers for the welfare of their agricultural activities. Benefits include providing financial assistance towards purchase of office equipments, technical bulletins, setting up of a library and for training purposes. Each farmer group is to receive Rs.5000 for office equipment and library setup, Rs.4000 for acquisition of skills (one-time), Rs.400 for the issuance of ID cards, and Rs.20,000 for district level meetings.

### Steps to Avail
To avail or apply for the Farmers Interest Group (FIG) scheme, the application needs to be submitted to various authorities based on the level of administration. At the village level, it should be submitted to the Assistant Agricultural Officer. The Agricultural Officer or the Deputy Agricultural Officer should receive the application at the block level. Similarly, at the district level, the Joint Director of Agriculture should be approached. Lastly, the Assistant Director of Agriculture at the block level is also involved in the application process.

### Source
[https://www.tn.gov.in/scheme/data_view/6850](https://www.tn.gov.in/scheme/data_view/6850)","### योजना का नाम
किसानों की रुचि समूह (FIG)

### पात्रता मानदंड
पाठ में आय, आयु, या समुदाय जैसे किसी विशिष्ट पात्रता मानदंड का उल्लेख नहीं करता है ताकि योजना का लाभ प्राप्त किया जा सके। योजना की मान्यता के संबंध में, पाठ में योजना की प्रस्तावना तिथि या मान्यता की अवधि के बारे में कोई जानकारी प्रदान नहीं करता है। योजना का लाभ प्राप्त करने की शर्तें हैं कि अनुप्रशासन स्तर के आधार पर आवेदन को संबोधित अधिकारी के पास जमा किया जाना चाहिए।

### योजना के लाभ
किसानों की रुचि समूह (FIG) योजना किसानों को उनके कृषि गतिविधियों के कल्याण के लिए सब्सिडी प्रदान करती है। लाभों में कार्यालय उपकरणों की खरीद के प्रति वित्तीय सहायता, तकनीकी सूचना पत्रिकाएँ, पुस्तकालय स्थापना और प्रशिक्षण के उद्देश्यों के लिए वित्तीय सहायता शामिल है। प्रत्येक किसान समूह को कार्यालय उपकरणों और पुस्तकालय स्थापना के लिए 5,000 रुपये, कौशल प्राप्ति के लिए 4,000 रुपये (एक बार), ID कार्ड जारी करने के लिए 400 रुपये, और जिला स्तर की मीटिंग के लिए 20,000 रुपये प्राप्त होने चाहिए।

### प्राप्ति के चरण
किसानों की रुचि समूह (FIG) योजना का लाभ प्राप्त करने या आवेदन करने के लिए, आवेदन को प्रशासन स्तर के आधार पर विभिन्न प्राधिकृत प्राधिकरणों को सौंपा जाना चाहिए। गाँव स्तर पर, इसे सहायक कृषि अधिकारी के पास जमा किया जाना चाहिए। ब्लॉक स्तर पर, कृषि अधिकारी या सहायक कृषि अधिकारी को आवेदन प्राप्त करना चाहिए। उसी तरह, जिला स्तर पर, कृषि के संयुक्त निदेशक के पास जाने की आवश्यकता है। आखिरकार, ब्लॉक स्तर पर कृषि सहायक निदेशक भी आवेदन प्रक्रिया में शामिल हैं।

### स्रोत
[https://www.tn.gov.in/scheme/data_view/6850](https://www.tn.gov.in/scheme/data_view/6850)"
12,12,['None'],['Farmers'],['None'],famers_tn_1.html,https://www.tn.gov.in/scheme/data_view/7618,"Scheme | Tamil Nadu Government Portal
​
Skip to main content
  ≡ MENU 
தமிழ் வடிவம்
Announcements
GOs of Public interest
Press Release
Contact Directory
Languages
English  Version
தமிழ் வடிவம்
topmenu
Announcements
GOs of Public interest
Press Release
Contact Directory
Search 
CSC Login 
GovernmentServicesSchemesFormsDocumentsGrievancesAbout Tamil Nadu
You are hereHome >> Scheme >> 
You are hereHome >> Scheme >> 
Back Scheme
Concerned Department : Agriculture - Farmers Welfare DepartmentConcerned District : Organisation Name : --Scheme DetailsTitle / Name : Distribution of Gypsum - Oil SeedsAssociated Scheme : 6818Sponsored By : StateFunding Pattern : 50% of the cost of material plus transport limited to Rs. 750/- per ha whichever is less. 
Beneficiaries : FarmersBenefits Types : SubsidyEligibility criteriaIncome : --Age : --Community : --Other Details : --How To Avail : Application is to be submitted to:
Assistant Agricultural officer at the Village Level 
Agricultural Officer / Deputy Agricultural Officer at the Block Level 
The Assistant Director of Agriculture at the Block Level 
The Joint Director of Agriculture at the District Level 
Validity of the SchemeIntroduced On : Valid Upto : --Description : Those farmers who produce and supply Foundation and Certified Class seeds to the Department are elligible to avail of the benefit  
footermenu
Add To Favorites
Feedback
About this Portal
SiteMap
Holidays
Contact Us
 e-District Statistics
 Last Updated :  Sep 19,2023
Add To Favorites
Feedback
About this Portal
Contents owned and updated by concerned Departments and coordinated  by Information Technology Department
Secretariat, Fort St. George, Chennai 600 009, Tamil Nadu, India
 Designed & Developed by National Informatics Centre
E-Mail: webadmin.tn@nic.in
Disclaimer | 
Privacy Policy | 
Terms of Use","### Name of Scheme
Distribution of Gypsum - Oil Seeds

### Eligibility Criteria
Yes, there are eligibility criteria and conditions to avail the scheme. The scheme is specifically targeted at farmers who produce and supply Foundation and Certified Class seeds to the Department. There is no explicit age, income, or community criteria for eligibility specified in the scheme. The validity of the scheme is not explicitly mentioned in the document.

### Benefits of the Scheme
The government scheme provides a subsidy benefit to farmers. It funds 50% of the costs for the distribution of gypsum-oil seeds, including transport cost, up to a limit of Rs. 750/- per hectare, whichever is less. 

### Steps to Avail
To apply for this scheme, an application needs to be submitted to the relevant authorities at various levels: 

- At the village level: Assistant Agricultural Officer
- At the block level: Agricultural Officer / Deputy Agricultural Officer / Assistant Director of Agriculture
- At the district level: Joint Director of Agriculture 

### Source
[https://www.tn.gov.in/scheme/data_view/7618](https://www.tn.gov.in/scheme/data_view/7618)","### योजना का नाम
जिप्सम - तिलहन वितरण

### पात्रता मानदंड
हाँ, इस योजना को प्राप्त करने के लिए पात्रता मानदंड और शर्तें हैं। योजना विशिष्ट रूप से किसानों को लक्ष्य बनाती है जो मुख्यालय और प्रमाणित वर्ग के बीजों की वितरण करते हैं और उपभोक्ता विभाग को प्रदान करते हैं। योजना के पात्रता के लिए कोई स्पष्ट आय, आयु, या समुदाय मानदंड योजना में निर्दिष्ट नहीं है। दस्तावेज में योजना की मान्यता का स्पष्ट उल्लेख नहीं है।

### योजना के लाभ
सरकारी योजना किसानों को उपदान करने के लिए अनुदान लाभ प्रदान करती है। इसमें जिप्सम-तिलहन की वितरण की लागत के 50% का अनुदान शामिल है, जिसमें परिवहन लागत भी शामिल है, जो हेक्टेयर प्रति 750 रुपये की सीमा तक हो सकता है, जो भी कम हो।

### प्राप्ति के चरण
इस योजना के लिए, आवेदन को विभिन्न स्तरों पर संबंधित प्राधिकृत प्राधिकरणों को प्रस्तुत किया जाना चाहिए:

- गाँव स्तर पर: सहायक कृषि अधिकारी
- ब्लॉक स्तर पर: कृषि अधिकारी / उप कृषि अधिकारी / कृषि के सहायक निदेशक
- जिला स्तर पर: कृषि के संयुक्त निदेशक

### स्रोत
[https://www.tn.gov.in/scheme/data_view/7618](https://www.tn.gov.in/scheme/data_view/7618)"
13,13,['None'],"['Farmers', 'Student']",['None'],students_tn_1.html,https://www.tn.gov.in/scheme/data_view/3207,"Scheme | Tamil Nadu Government Portal
​
Skip to main content
  ≡ MENU 
தமிழ் வடிவம்
Announcements
GOs of Public interest
Press Release
Contact Directory
Languages
English  Version
தமிழ் வடிவம்
topmenu
Announcements
GOs of Public interest
Press Release
Contact Directory
Search 
CSC Login 
GovernmentServicesSchemesFormsDocumentsGrievancesAbout Tamil Nadu
You are hereHome >> Scheme >> 
You are hereHome >> Scheme >> 
Back Scheme
Concerned Department : BC, MBC &  Minorities Welfare DepartmentConcerned District : All DistrictsOrganisation Name : Backward Classes CommissionScheme DetailsTitle / Name : Grant-cum-loan scheme for small and medium farmersAssociated Scheme : Sponsored By : StateFunding Pattern : Beneficiaries : StudentsBenefits Types : Education BenefitsEligibility criteriaIncome : --Age : --Community : --Other Details : --How To Avail : District Collector / District Backward Classes and Minorities Welfare Officer of the concerned district Validity of the SchemeIntroduced On : Valid Upto : --Description : Schemes of BC, MBC dept Grant-cum-loan scheme for small and medium farmers For 
the upliftment of small and medium farmers of BC, MBC / DNC 
Communities the Government have introduced a grant cum loan scheme to 
footermenu
Add To Favorites
Feedback
About this Portal
SiteMap
Holidays
Contact Us
 e-District Statistics
 Last Updated :  Sep 19,2023
Add To Favorites
Feedback
About this Portal
Contents owned and updated by concerned Departments and coordinated  by Information Technology Department
Secretariat, Fort St. George, Chennai 600 009, Tamil Nadu, India
 Designed & Developed by National Informatics Centre
E-Mail: webadmin.tn@nic.in
Disclaimer | 
Privacy Policy | 
Terms of Use","### Name of Scheme
Grant-cum-loan scheme for small and medium farmers

### Eligibility Criteria
The document does not provide clear indications about the specific eligibility ground rules like Income, Age, Community, and Other details. However, it suggests that the scheme is intended for the economic growth of small and medium farmers of BC, MBC/DNC Communities. To take advantage of the scheme, one needs to get in touch with the District Collector / District Backward Classes and Minorities Welfare Officer of the concerned district. The schema's validity also marked as \""--\"", implying that there may not be a determined end to the program.

### Benefits of the Scheme
The scheme offers educational benefits to the beneficiary students as a part of the grant-cum-loan structure. Its central goal is to improve the status of small and medium farmers within BC, MBC/DNC Communities. The program appears to be state-funded.

### Steps to Avail
The document does not give particular steps on how to apply for this scheme. However, it suggests approaching the District Collector or the District Backward Classes and Minorities Welfare Officer of the respective district to avail benefits of the scheme.

### Source
[https://www.tn.gov.in/scheme/data_view/3207](https://www.tn.gov.in/scheme/data_view/3207)","### योजना का नाम
छोटे और मध्यम किसानों के लिए सहायता सह कर्ज योजना

### पात्रता मानदंड
यह दस्तावेज स्पष्ट निर्देश नहीं देते हैं कि आय, आयु, समुदाय और अन्य विवरणों जैसे विशिष्ट पात्रता के नियमों के बारे में। हालांकि, यह सुझाव देता है कि योजना बीसी, एमबीसी/डीएनसी समुदायों के छोटे और मध्यम किसानों के आर्थिक विकास के लिए है। इस योजना का लाभ उठाने के लिए, व्यक्ति को जिस जिले के जिला कलेक्टर / जिला पिछड़ा वर्ग और अल्पसंख्यक कल्याण अधिकारी से संपर्क करना होगा। इस योजना की मान्यता भी "\"--\"" के रूप में चिह्नित की गई है, जिसका अर्थ है कि इसके प्रोग्राम का निर्धारित अंत नहीं हो सकता है।

### योजना के लाभ
योजना बेनिफिशरी छात्रों को सहायता सह कर्ज संरचना का हिस्सा के रूप में शैक्षिक लाभ प्रदान करती है। इसका मुख्य उद्देश्य बीसी, एमबीसी/डीएनसी समुदायों के छोटे और मध्यम किसानों की स्थिति को सुधारना है। यह कार्यक्रम राज्य द्वारा वित्तित होने के प्रतीत होता है।

### प्राप्ति के चरण
इस दस्तावेज में इस योजना के लिए आवेदन कैसे करें, इसके बारे में विशिष्ट चरण नहीं दिए गए हैं। हांवर, यह सुझाव देता है कि योजना के लाभ प्राप्त करने के लिए संबंधित जिले के जिला कलेक्टर या जिला पिछड़ा वर्ग और अल्पसंख्यक कल्याण अधिकारी से संपर्क करें।

### स्रोत
[https://www.tn.gov.in/scheme/data_view/3207](https://www.tn.gov.in/scheme/data_view/3207)"
14,14,['None'],['Student'],['None'],students_tn_3.html,https://www.tn.gov.in/scheme/data_view/83093,"Scheme | Tamil Nadu Government Portal
​
Skip to main content
  ≡ MENU 
தமிழ் வடிவம்
Announcements
GOs of Public interest
Press Release
Contact Directory
Languages
English  Version
தமிழ் வடிவம்
topmenu
Announcements
GOs of Public interest
Press Release
Contact Directory
Search 
CSC Login 
GovernmentServicesSchemesFormsDocumentsGrievancesAbout Tamil Nadu
You are hereHome >> Scheme >> 
You are hereHome >> Scheme >> 
Back Scheme
Concerned Department : Adi Dravidar and Tribal Welfare DepartmentConcerned District : All DistrictsOrganisation Name : Adi Dravidar Welfare DirectorateScheme DetailsTitle / Name : Awards to Bright StudentsAssociated Scheme : Sponsored By : StateFunding Pattern : Beneficiaries : StudentsBenefits Types : Education BenefitsEligibility criteriaIncome : 0Age : --Community : --Other Details : --How To Avail : Director of Adi Dravidar Welfare , Chennai-5. through the Educational Institutions.
Validity of the SchemeIntroduced On : Valid Upto : --Description : Awards to Bright Students - First two boys and two girls in each district from each community viz., Adi Dravidar/ Tribal / Adi Dravidar Converted to Christianity who have passed 10th std., Public Examinations and continue their studies are given a sum of Rs.800/- for the first year and Rs.960/- for the next 5 years. Should have secured first and second place in the 10th Std, in the district. Continue their studies. No income limits .
footermenu
Add To Favorites
Feedback
About this Portal
SiteMap
Holidays
Contact Us
 e-District Statistics
 Last Updated :  Sep 19,2023
Add To Favorites
Feedback
About this Portal
Contents owned and updated by concerned Departments and coordinated  by Information Technology Department
Secretariat, Fort St. George, Chennai 600 009, Tamil Nadu, India
 Designed & Developed by National Informatics Centre
E-Mail: webadmin.tn@nic.in
Disclaimer | 
Privacy Policy | 
Terms of Use","### Awards to Bright Students

### Eligibility Criteria
The Adi Dravidar and Tribal Welfare Department has outlined some eligibility criteria, validity, and conditions for this scheme. It is primarily intended for the first two boys and two girls from each district belonging to the Adi Dravidar, Tribal, or those who have converted to Christianity. These students must have placed first and second in the 10th Standard Public Examinations and must wish to continue their studies. The award is Rs. 800/- for the first year and Rs. 960/- for the next five years. There are no income limits set for eligibility. The validity of the scheme is not specified in the provided text.

### Benefits of the Scheme
The ""Awards to Bright Students"" scheme offers educational benefits to talented students. It provides a sum of Rs.800/- for the first year and Rs.960/- for the subsequent 5 years. This financial incentive is designed to help students pursue their academic aspirations without the stress of financial limitations.

### Steps to Avail
To benefit from this scheme, an application must be submitted through the student's educational institutions to the Director of Adi Dravidar Welfare in Chennai.

### Source
For additional information, visit [Tamil Nadu Government Official Site](https://www.tn.gov.in/scheme/data_view/83093).","### प्रतिष्ठित छात्रों को पुरस्कार

### पात्रता मानदंड
आदि द्राविड़र और जनजाति कल्याण विभाग ने इस योजना के लिए कुछ पात्रता मानदंड, मान्यता और शर्तों को निर्दिष्ट किया है। इसका प्रमुख उद्देश्य यह है कि प्रत्ये जिले के पहले दो लड़के और दो लड़कियां, आदि द्राविड़र, जनजाति, या वे जो ईसाई धर्म में धर्मांतरित हो चुके हैं, के लिए है। इन छात्रों को 10 वीं कक्षा की सार्वजनिक परीक्षा में प्रथम और द्वितीय स्थान प्राप्त करना चाहिए और वे अपने अध्ययन को जारी रखना चाहिए। पुरस्कार प्राप्त करने के लिए पहले साल के लिए 800 रुपये और आगे के पांच सालों के लिए 960 रुपये हैं। पात्रता के लिए कोई आय सीमा निर्धारित नहीं की गई है। प्रदान किए गए पाठ में योजना की मान्यता का निर्दिष्ट नहीं है।

### योजना के लाभ
""प्रतिष्ठित छात्रों को पुरस्कार"" योजना प्रतिभाशी छात्रों को शैक्षिक लाभ प्रदान करती है। इसमें प्रथम वर्ष के लिए 800 रुपये और आगे के 5 वर्षों के लिए 960 रुपये की राशि होती है। इस वित्तीय प्रोत्साहन का उद्देश्य छात्रों को वित्तीय सीमाओं के तनाव के बिना अपने शैक्षिक आकांक्षाओं का पालन करने में मदद करना है।

### प्राप्ति के चरण
इस योजना का लाभ उठाने के लिए, छात्र के शैक्षिक संस्थान के माध्यम से आवेदन प्रस्तुत किया जाना चाहिए, जो की चेन्नई के आदि द्राविड़र कल्याण निदेशक को।

### स्रोत
अधिक जानकारी के लिए, [तमिलनाडु सरकार की आधिकारिक साइट](https://www.tn.gov.in/scheme/data_view/83093) पर जाएं।"
